<?xml version="1.0" encoding="utf-8"?>
<eml:eml xmlns:eml="eml://ecoinformatics.org/eml-2.1.1" xmlns:xsi="http://www.w3.org/2001/XMLSchema-instance"
         xsi:schemaLocation="eml://ecoinformatics.org/eml-2.1.1 http://rs.gbif.org/schema/eml-gbif-profile/1.1/eml.xsd"
        packageId="10.15468/dl.megb8n"  system="http://gbif.org" scope="system"
  xml:lang="en">

<dataset>
        <alternateIdentifier>0136731-210914110416597</alternateIdentifier>
    <title>GBIF Occurrence Download 10.15468/dl.megb8n</title>
    <creator>
    <individualName>
          <surName>GBIF Download Service</surName>
    </individualName>
<electronicMailAddress>support@gbif.org</electronicMailAddress>    </creator>
    <metadataProvider>
    <individualName>
          <surName>GBIF Download Service</surName>
    </individualName>
<electronicMailAddress>support@gbif.org</electronicMailAddress>    </metadataProvider>
      <pubDate>
      2022-02-10
      </pubDate>
    <language>ENGLISH</language>
    <abstract>
        <para>A dataset containing all occurrences available in GBIF matching the query:
{
  &quot;TaxonKey&quot; : [
    &quot;is Acropora digitifera (Dana, 1846)&quot;
  ]
}
The dataset includes records from the following constituent datasets. The full metadata for each constituent is also included in this archive:
1 records from IndOBIS, Indian Ocean Node of OBIS
1 records from Cnidaria
1 records from Canadian Museum of Nature General Invertebrate Collection
1 records from Re-examination of the reef corals of Cocos (Keeling) Atoll, Charlie Veron
1 records from The cnidarians collection (IK) of the Muséum national d&apos;Histoire naturelle (MNHN - Paris)
1 records from Vamize and Ibo islands corals dry collection MHNM
1 records from Western Australian Museum, Marine Invertebrate Specimens, Ningaloo Reef - Northwest Cape, Northwest Australia, 1952-2004
1 records from Diveboard - Scuba diving citizen science observations
1 records from Coral species recorded in Vava’u, Tonga, during the BioRAP survey
1 records from Cnidarians Species in the South China Sea Repository and Reference Centre
1 records from Plankton&amp;BenthosResearch
2 records from Cnidaria Collection of the Seto Marine Biological Laboratory, Kyoto University
2 records from UMZC Zoological Specimens
3 records from UF Invertebrate Zoology
3 records from Australian Museum provider for OZCAM
3 records from Cnidaria specimens of Ryukyu University Museum (Fujukan)
3 records from Asia-Pacific Dataset
3 records from Scleractinia specimens of Kuroshio Biological Research Foundation
5 records from Collection des données de biodiversité marine de Nouvelle-Calédonie
5 records from Naturalis National Natural History Museum (NL) – Invertebrate specimens from marine expeditions
5 records from Gaia Guide
5 records from Northern Territory Museum and Art Gallery provider for OZCAM
8 records from Hermatypic Corals of Western Australia
9 records from Invertebrate Zoology Division, Yale Peabody Museum
11 records from Lizard Island Research Station
12 records from Bernice P. Bishop Museum
19 records from Western Australian Museum provider for OZCAM
20 records from Scleractinia of Eastern Australia - AIMS Monograph Series - John (Charlie) Veron
21 records from Collection des données de biodiversité marine des Iles Eparses (BioReCIE)
22 records from Australian Coral Ecoregions
23 records from Paleobiology Database
23 records from Natural History Museum (London) Collection Specimens
26 records from Naturalis Biodiversity Center (NL) - Cnidaria
30 records from Inventaire des Scléractiniaires de Mayotte
41 records from Observations naturalistes des Amis de BioObs.
46 records from Données d&apos;occurrences Espèces issues de l&apos;inventaire des ZNIEFF
47 records from NMNH Extant Specimen Records (USNM, US)
67 records from Hexacorallians of the world
116 records from INSDC Sequences
217 records from Annotated checklist for Stony Corals of American Samoa and Mesophotic Depth Records
337 records from Vulnerable marine ecosystems in the South Pacific Ocean region
513 records from Queensland Museum provider for OZCAM</para>
    </abstract>
      <contact>
    <individualName>
          <surName>GBIF Download Service</surName>
    </individualName>
<electronicMailAddress>support@gbif.org</electronicMailAddress>      </contact>

</dataset>

<additionalMetadata>
    <metadata>
      <gbif>
        <dateStamp>2022-02-10T06:03:45Z</dateStamp>
      <citation identifier="10.15468/dl.megb8n">GBIF Occurrence Download 10.15468/dl.megb8n</citation>
              <physical>
                  <objectName>Darwin Core Archive</objectName>
                  <characterEncoding>UTF-8</characterEncoding>
                  <dataFormat>
                      <externallyDefinedFormat>
                          <formatName>Darwin Core Archive</formatName>
                      </externallyDefinedFormat>
                  </dataFormat>
                  <distribution>
                      <online>
                          <url function="download">https://api.gbif.org/v1/occurrence/download/request/0136731-210914110416597.zip</url>
                      </online>
                  </distribution>
              </physical>
      </gbif>
    </metadata>
</additionalMetadata>

</eml:eml>
