<?xml version="1.0" encoding="utf-8"?>
<eml:eml xmlns:eml="eml://ecoinformatics.org/eml-2.1.1" xmlns:xsi="http://www.w3.org/2001/XMLSchema-instance"
         xsi:schemaLocation="eml://ecoinformatics.org/eml-2.1.1 http://rs.gbif.org/schema/eml-gbif-profile/1.1/eml.xsd"
        packageId="0f8ef13d-dc6f-4f56-9815-313818910e9c"  system="http://gbif.org" scope="system"
  xml:lang="en">

<dataset>
      <alternateIdentifier>10.15468/1equut</alternateIdentifier>
        <alternateIdentifier>http://science-net.kahaku.go.jp/ipt2/resource?r=snet-1134-106</alternateIdentifier>
        <alternateIdentifier>http://gbif.science-net.kahaku.go.jp:8081/ipt2/resource?r=snet-1134-106</alternateIdentifier>
        <alternateIdentifier>0f8ef13d-dc6f-4f56-9815-313818910e9c</alternateIdentifier>
    <title>Cnidaria specimens of Ryukyu University Museum (Fujukan)</title>
    <creator>
    <individualName>
<givenName>Miyuki</givenName>          <surName>Akiba</surName>
    </individualName>
<organizationName>Ryukyu University Museum (Fujukan)</organizationName><positionName>Curator</positionName>    <address>
<country>JAPAN</country>    </address>
<electronicMailAddress>akiba@jim.u-ryukyu.ac.jp</electronicMailAddress>    </creator>
    <metadataProvider>
    <individualName>
<givenName>Takeshi</givenName>          <surName>Sasaki</surName>
    </individualName>
<organizationName>Ryukyu University Museum (Fujukan)</organizationName><positionName>Curator</positionName>    <address>
<country>JAPAN</country>    </address>
<electronicMailAddress>fujukan@agr.u-ryukyu.ac.jp</electronicMailAddress>    </metadataProvider>
      <pubDate>
      2021-07-20
      </pubDate>
    <language>ENGLISH</language>
    <abstract>
        <para>Cnidaria specimens deposited in Ryukyu University Museum (Fujukan)</para>
    </abstract>
        <keywordSet>
              <keyword>Occurrence</keyword>
              <keywordThesaurus>GBIF Dataset Type Vocabulary: http://rs.gbif.org/vocabulary/gbif/dataset_type.xml</keywordThesaurus>
        </keywordSet>
        <keywordSet>
              <keyword>Occurrence</keyword>
              <keywordThesaurus>GBIF Dataset Type Vocabulary: http://rs.gbif.org/vocabulary/gbif/dataset_type_2015-07-10.xml</keywordThesaurus>
        </keywordSet>
      <intellectualRights>
        <para>This work is licensed under a <ulink url="http://creativecommons.org/licenses/by-nc/4.0/legalcode"><citetitle>Creative Commons Attribution Non Commercial (CC-BY-NC) 4.0 License</citetitle></ulink>.</para>
      </intellectualRights>
      <distribution scope="document">
          <online>
              <url function="information">http://fujukan.lib.u-ryukyu.ac.jp/english/index.php</url>
          </online>
      </distribution>
      <maintenance>
          <description>
              <para></para>
          </description>
          <maintenanceUpdateFrequency>unkown</maintenanceUpdateFrequency>
      </maintenance>
      <contact>
    <individualName>
<givenName>Takeshi</givenName>          <surName>Sasaki</surName>
    </individualName>
<organizationName>Ryukyu University Museum (Fujukan)</organizationName><positionName>Curator</positionName>    <address>
<country>JAPAN</country>    </address>
<electronicMailAddress>fujukan@agr.u-ryukyu.ac.jp</electronicMailAddress><onlineUrl>http://fujukan.lib.u-ryukyu.ac.jp/english/index.php</onlineUrl>      </contact>

</dataset>

<additionalMetadata>
    <metadata>
      <gbif>
        <dateStamp>2022-02-10T06:03:42Z</dateStamp>
      <citation>Akiba M, Sasaki T (2021). Cnidaria specimens of Ryukyu University Museum (Fujukan). Version 1.3. National Museum of Nature and Science, Japan. Occurrence dataset https://doi.org/10.15468/1equut accessed via GBIF.org on 2022-02-10.</citation>
      </gbif>
    </metadata>
</additionalMetadata>

</eml:eml>
