<?xml version="1.0" encoding="utf-8"?>
<eml:eml xmlns:eml="eml://ecoinformatics.org/eml-2.1.1" xmlns:xsi="http://www.w3.org/2001/XMLSchema-instance"
         xsi:schemaLocation="eml://ecoinformatics.org/eml-2.1.1 http://rs.gbif.org/schema/eml-gbif-profile/1.1/eml.xsd"
        packageId="1a224755-38c6-4e01-aaac-beb8ff0e2fac"  system="http://gbif.org" scope="system"
  xml:lang="en">

<dataset>
      <alternateIdentifier>10.15468/ua8ujw</alternateIdentifier>
        <alternateIdentifier>1a224755-38c6-4e01-aaac-beb8ff0e2fac</alternateIdentifier>
        <alternateIdentifier>http://197.249.6.202:8088/ipt/resource?r=vamize_and_ibo_islands_corals_dry_collection_mhnm</alternateIdentifier>
    <title>Vamize and Ibo islands corals dry collection MHNM</title>
    <creator>
    <individualName>
<givenName>Alvaro</givenName>          <surName>Vetina</surName>
    </individualName>
<organizationName>Museu de Historia Natural de Maputo</organizationName><positionName>Curator and Reseracher</positionName>    <address>
<deliveryPoint>Albazine</deliveryPoint><city>Maputo City</city><administrativeArea>Maputo City</administrativeArea><postalCode>119</postalCode><country>MOZAMBIQUE</country>    </address>
<phone>+258848925683</phone><electronicMailAddress>aavetina@gmail.com</electronicMailAddress>    </creator>
    <creator>
    <individualName>
<givenName>Lizete</givenName>          <surName>Conjo</surName>
    </individualName>
<organizationName>Natural History Museum of Maputo</organizationName>    <address>
<deliveryPoint>Maputo City</deliveryPoint><city>Maputo City</city><country>MOZAMBIQUE</country>    </address>
<electronicMailAddress>biolizconjo@gmail.com</electronicMailAddress>    </creator>
    <creator>
    <individualName>
<givenName>Leonor</givenName>          <surName>Brites Soares</surName>
    </individualName>
<organizationName>Museu Nacional de Historia Natural e da Ciencia de Lisboa</organizationName><positionName>Technician</positionName>    <address>
<deliveryPoint>Lisboa</deliveryPoint><city>Lisboa</city><country>PORTUGAL</country>    </address>
<electronicMailAddress>leonor.brites@campus.ul.pt</electronicMailAddress>    </creator>
    <metadataProvider>
    <individualName>
<givenName>Alvaro</givenName>          <surName>Vetina</surName>
    </individualName>
<organizationName>Museu de Historia Natural de Maputo</organizationName><positionName>Curator and Reseracher</positionName>    <address>
<deliveryPoint>Albazine</deliveryPoint><city>Maputo City</city><administrativeArea>Maputo City</administrativeArea><postalCode>119</postalCode><country>MOZAMBIQUE</country>    </address>
<phone>+258848925683</phone><electronicMailAddress>aavetina@gmail.com</electronicMailAddress>    </metadataProvider>
    <associatedParty>
    <individualName>
<givenName>Lucilia</givenName>          <surName>Chuquela</surName>
    </individualName>
<organizationName>Museu de Historia Natural de Maputo</organizationName><positionName>COBIONET Institutional Coordinator</positionName>    <address>
<deliveryPoint>Maputo City</deliveryPoint><city>Maputo City</city><administrativeArea>Maputo City</administrativeArea><postalCode>114</postalCode><country>MOZAMBIQUE</country>    </address>
<electronicMailAddress>luchuquela@gmail.com</electronicMailAddress>    <role>POINT_OF_CONTACT</role>
    </associatedParty>
    <associatedParty>
    <individualName>
<givenName>Alexandra</givenName>          <surName>Cartaxana</surName>
    </individualName>
<organizationName>Museu Nacional de Historia natural e da Ciencia da Universidade de Lisboa</organizationName><positionName>COBIONET Partner Institution Coordinator</positionName>    <address>
<deliveryPoint>Rua da Escola Politecnica</deliveryPoint><city>Lisboa</city><postalCode>1250-102</postalCode><country>PORTUGAL</country>    </address>
<electronicMailAddress>macartaxana@edu.ulisboa.pt</electronicMailAddress>    <role>CURATOR</role>
    </associatedParty>
    <associatedParty>
    <individualName>
<givenName>Jose</givenName>          <surName>Paula</surName>
    </individualName>
<organizationName>Faculdade de Ciencias, Universidade Lisboa</organizationName><positionName>COBIONET Principal Investigator</positionName>    <address>
<deliveryPoint>Rua da Escola Politecnica</deliveryPoint><city>Lisboa</city><postalCode>1250-102</postalCode><country>PORTUGAL</country>    </address>
<electronicMailAddress>jppaula@fc.ul.pt</electronicMailAddress>    <role>PRINCIPAL_INVESTIGATOR</role>
    </associatedParty>
      <pubDate>
      2021-10-05
      </pubDate>
    <language>ENGLISH</language>
    <abstract>
        <para>This dataset consist of information on the corals dry collection (CDC) of the Natural History Museum of Maputo (NHMM), Mozambique. This collection comprises specimens collected between the years  2003  and 2007 by Davidson J. and Viada S. The CDC holds 170 records containing 66 identified species and 36 unidentified specimens distributed along Quirimbas Archipelago (Vamizi and Ibo Islands).  The CDC  carefully preserved and the associated data is all digitized. All records were  geo-referenced using the software GeoLocate and the dataset has been checked for errors and incongruences through OpenRefine. This dataset is published in the GBIF platform in order to foster its access and use by specialists, and thus increasing our collective knowledge on Scleratinean corals of Mozambique.</para>
    </abstract>
        <keywordSet>
              <keyword>Mozambique</keyword>
              <keyword>Corals</keyword>
              <keyword>Natural History Museum Maputo</keyword>
              <keyword>Ibo</keyword>
              <keyword>Collection</keyword>
              <keyword>Scleratinia</keyword>
              <keyword>Vamizi</keyword>
              <keywordThesaurus>GBIF Dataset Type Vocabulary: http://rs.gbif.org/vocabulary/gbif/dataset_type.xml</keywordThesaurus>
        </keywordSet>
        <keywordSet>
              <keyword>Specimen</keyword>
              <keywordThesaurus>GBIF Dataset Subtype Vocabulary: http://rs.gbif.org/vocabulary/gbif/dataset_subtype.xml</keywordThesaurus>
        </keywordSet>
      <intellectualRights>
        <para>This work is licensed under a <ulink url="http://creativecommons.org/licenses/by-nc/4.0/legalcode"><citetitle>Creative Commons Attribution Non Commercial (CC-BY-NC) 4.0 License</citetitle></ulink>.</para>
      </intellectualRights>
      <coverage>
            <geographicCoverage>
                  <geographicDescription>This collection consists of specimens from the along Quirimbas Archipelago (Vamizi and Ibo Islands).</geographicDescription>
                  <boundingCoordinates>
                      <westBoundingCoordinate>40.419</westBoundingCoordinate>
                      <eastBoundingCoordinate>40.979</eastBoundingCoordinate>
                      <northBoundingCoordinate>-10.558</northBoundingCoordinate>
                      <southBoundingCoordinate>-11.378</southBoundingCoordinate>
                  </boundingCoordinates>
            </geographicCoverage>
          <temporalCoverage>
            <rangeOfDates>
              <beginDate>
                <calendarDate>      2003-05-01
</calendarDate>
              </beginDate>
              <endDate>
                <calendarDate>      2007-03-24
</calendarDate>
              </endDate>
            </rangeOfDates>
          </temporalCoverage>
              <taxonomicCoverage>
                    <generalTaxonomicCoverage>This collection includes 170 records referring to specimens of the order Scleractinea, Class Antozoa, that represent 12 families with at least 66 identified species for Mozambique.</generalTaxonomicCoverage>
                    <taxonomicClassification>
                          <taxonRankName>Family</taxonRankName>
                        <taxonRankValue>Acroporidae</taxonRankValue>
                    </taxonomicClassification>
                    <taxonomicClassification>
                          <taxonRankName>Family</taxonRankName>
                        <taxonRankValue>Agariciidae</taxonRankValue>
                    </taxonomicClassification>
                    <taxonomicClassification>
                          <taxonRankName>Family</taxonRankName>
                        <taxonRankValue>Coscinaraeidae</taxonRankValue>
                    </taxonomicClassification>
                    <taxonomicClassification>
                          <taxonRankName>Family</taxonRankName>
                        <taxonRankValue>Dendrophylliidae</taxonRankValue>
                    </taxonomicClassification>
                    <taxonomicClassification>
                          <taxonRankName>Family</taxonRankName>
                        <taxonRankValue>Euphylliidae</taxonRankValue>
                    </taxonomicClassification>
                    <taxonomicClassification>
                          <taxonRankName>Family</taxonRankName>
                        <taxonRankValue>Faviidae</taxonRankValue>
                    </taxonomicClassification>
                    <taxonomicClassification>
                          <taxonRankName>Family</taxonRankName>
                        <taxonRankValue>Fungiidae</taxonRankValue>
                    </taxonomicClassification>
                    <taxonomicClassification>
                          <taxonRankName>Family</taxonRankName>
                        <taxonRankValue>Lobophylliidae</taxonRankValue>
                    </taxonomicClassification>
                    <taxonomicClassification>
                          <taxonRankName>Family</taxonRankName>
                        <taxonRankValue>Merulinidae</taxonRankValue>
                    </taxonomicClassification>
                    <taxonomicClassification>
                          <taxonRankName>Family</taxonRankName>
                        <taxonRankValue>Plesiastreidae</taxonRankValue>
                    </taxonomicClassification>
                    <taxonomicClassification>
                          <taxonRankName>Family</taxonRankName>
                        <taxonRankValue>Pocilloporidae</taxonRankValue>
                    </taxonomicClassification>
                    <taxonomicClassification>
                          <taxonRankName>Family</taxonRankName>
                        <taxonRankValue>Poritidae</taxonRankValue>
                    </taxonomicClassification>
              </taxonomicCoverage>
      </coverage>
      <maintenance>
          <description>
              <para></para>
          </description>
          <maintenanceUpdateFrequency>unkown</maintenanceUpdateFrequency>
      </maintenance>
      <contact>
    <individualName>
<givenName>Alvaro</givenName>          <surName>Vetina</surName>
    </individualName>
<organizationName>Museu de Historia Natural de Maputo</organizationName><positionName>Curator and Reseracher</positionName>    <address>
<deliveryPoint>Albazine</deliveryPoint><city>Maputo City</city><administrativeArea>Maputo City</administrativeArea><postalCode>119</postalCode><country>MOZAMBIQUE</country>    </address>
<phone>+258848925683</phone><electronicMailAddress>aavetina@gmail.com</electronicMailAddress>      </contact>
      <methods>
            <methodStep>
                <description>
                    <para>.</para>
                </description>
            </methodStep>
            <sampling>
                <studyExtent>
                    <description>
                        <para>The dataset conatains information of specimens on the corals dry collection of Natural History Museum of Maputo, that information was digitalized and database created.</para>
                    </description>
                </studyExtent>
                <samplingDescription>
                    <para>The collection contains specimens collected in the Vamizi Island, north coastal region of  Cabo Delgado Province, Mozambique. It was deposited in the Natural History Museum of Maputo, and information of each specimen tag was digitalized. The specimens in this collection were sampled from 2003 to 2007, though scuba diving.</para>
                </samplingDescription>
            </sampling>
            <qualityControl>
                <description>
                    <para>Specimens were checked individually and all the data available in the catalog and data sheets for each specimen was confirmed and digitized. Taxonomy and systematic of specimens in this collection were extensively revised and  updated by Alvaro Vetina (collection curator) and team.</para>
                </description>
            </qualityControl>
      </methods>

      <project >
          <title>COBIONET</title>
          <personnel>
    <individualName>
<givenName>Jose</givenName>          <surName>Paula</surName>
    </individualName>
    <role>PRINCIPAL_INVESTIGATOR</role>
          </personnel>
          <abstract>
              <para>Coastal biodiversity and food security in peri-urban Sub-Saharan Africa: assessment, capacity building and regional networking in contrasting Indian and Atlantic Oceans</para>
          </abstract>
          <funding>
              <para>This proect was financed by AKDN – Fundação Aga Khan and FCT – Fundação para a
Ciência e a Tecnologia IP, in the context of the research project COBIO-NET.</para>
          </funding>
      </project>
</dataset>

<additionalMetadata>
    <metadata>
      <gbif>
        <dateStamp>2022-02-10T06:03:42Z</dateStamp>
      <citation>Vetina A, Conjo L, Brites Soares L (2021). Vamize and Ibo islands corals dry collection MHNM. Version 1.9. Eduardo Mondlane University Natural History Museum. Occurrence dataset https://doi.org/10.15468/ua8ujw accessed via GBIF.org on 2022-02-10.</citation>
              <resourceLogoUrl>http://197.249.6.202:8088/ipt/logo.do?r=ornitologia_mhn</resourceLogoUrl>
      </gbif>
    </metadata>
</additionalMetadata>

</eml:eml>
