<?xml version="1.0" encoding="utf-8"?>
<eml:eml xmlns:eml="eml://ecoinformatics.org/eml-2.1.1" xmlns:xsi="http://www.w3.org/2001/XMLSchema-instance"
         xsi:schemaLocation="eml://ecoinformatics.org/eml-2.1.1 http://rs.gbif.org/schema/eml-gbif-profile/1.1/eml.xsd"
        packageId="5358d8ac-18f5-11e2-98fb-00145eb45e9a"  system="http://gbif.org" scope="system"
  xml:lang="en">

<dataset>
      <alternateIdentifier>10.15468/3ptl1m</alternateIdentifier>
        <alternateIdentifier>http://science-net.kahaku.go.jp/ipt2/resource?r=snet-1096-103</alternateIdentifier>
        <alternateIdentifier>http://gbif.science-net.kahaku.go.jp:8081/ipt2/resource?r=snet-1096-103</alternateIdentifier>
        <alternateIdentifier>5358d8ac-18f5-11e2-98fb-00145eb45e9a</alternateIdentifier>
        <alternateIdentifier>14536</alternateIdentifier>
    <title>Cnidaria Collection of the Seto Marine Biological Laboratory, Kyoto University</title>
    <creator>
<organizationName>Seto Marine Biological Laboratory, Kyoto University</organizationName>    <address>
<country>JAPAN</country>    </address>
    </creator>
    <metadataProvider>
    <individualName>
<givenName>Shigeyuki</givenName>          <surName>Yamato</surName>
    </individualName>
<organizationName>Seto Marine Biological Laboratory, Kyoto University</organizationName><positionName>Head</positionName>    <address>
<country>JAPAN</country>    </address>
<electronicMailAddress>yamato.shigeyuki.5s@kyoto-u.ac.jp</electronicMailAddress>    </metadataProvider>
      <pubDate>
      2021-07-19
      </pubDate>
    <language>ENGLISH</language>
    <abstract>
        <para>Cnidaria Collection deposited in the Seto Marine Biological Laboratory, Kyoto University</para>
    </abstract>
        <keywordSet>
              <keyword>Occurrence</keyword>
              <keywordThesaurus>GBIF Dataset Type Vocabulary: http://rs.gbif.org/vocabulary/gbif/dataset_type.xml</keywordThesaurus>
        </keywordSet>
        <keywordSet>
              <keyword>Occurrence</keyword>
              <keywordThesaurus>GBIF Dataset Type Vocabulary: http://rs.gbif.org/vocabulary/gbif/dataset_type_2015-07-10.xml</keywordThesaurus>
        </keywordSet>
      <intellectualRights>
        <para>This work is licensed under a <ulink url="http://creativecommons.org/licenses/by/4.0/legalcode"><citetitle>Creative Commons Attribution (CC-BY) 4.0 License</citetitle></ulink>.</para>
      </intellectualRights>
      <distribution scope="document">
          <online>
              <url function="information">http://www.seto.kyoto-u.ac.jp/e-index.html</url>
          </online>
      </distribution>
      <maintenance>
          <description>
              <para></para>
          </description>
          <maintenanceUpdateFrequency>unkown</maintenanceUpdateFrequency>
      </maintenance>
      <contact>
    <individualName>
<givenName>Shigeyuki</givenName>          <surName>Yamato</surName>
    </individualName>
<organizationName>Seto Marine Biological Laboratory, Kyoto University</organizationName><positionName>Head</positionName>    <address>
<country>JAPAN</country>    </address>
<electronicMailAddress>yamato.shigeyuki.5s@kyoto-u.ac.jp</electronicMailAddress><onlineUrl>http://www.seto.kais.kyoto-u.ac.jp/</onlineUrl>      </contact>

</dataset>

<additionalMetadata>
    <metadata>
      <gbif>
        <dateStamp>2022-02-10T06:03:42Z</dateStamp>
      <citation>National Museum of Nature and Science, Japan (2021). Cnidaria Collection of the Seto Marine Biological Laboratory, Kyoto University. Occurrence dataset https://doi.org/10.15468/3ptl1m accessed via GBIF.org on 2022-02-10.</citation>
      </gbif>
    </metadata>
</additionalMetadata>

</eml:eml>
