<?xml version="1.0" encoding="utf-8"?>
<eml:eml xmlns:eml="eml://ecoinformatics.org/eml-2.1.1" xmlns:xsi="http://www.w3.org/2001/XMLSchema-instance"
         xsi:schemaLocation="eml://ecoinformatics.org/eml-2.1.1 http://rs.gbif.org/schema/eml-gbif-profile/1.1/eml.xsd"
        packageId="7bafc0d6-f762-11e1-a439-00145eb45e9a"  system="http://gbif.org" scope="system"
  xml:lang="en">

<dataset>
      <alternateIdentifier>10.15468/3ap8jh</alternateIdentifier>
        <alternateIdentifier>http://science-net.kahaku.go.jp/ipt2/resource?r=snet-1125-102</alternateIdentifier>
        <alternateIdentifier>http://gbif.science-net.kahaku.go.jp:8081/ipt2/resource?r=snet-1125-102</alternateIdentifier>
        <alternateIdentifier>7bafc0d6-f762-11e1-a439-00145eb45e9a</alternateIdentifier>
        <alternateIdentifier>12051</alternateIdentifier>
    <title>Scleractinia specimens of Kuroshio Biological Research Foundation</title>
    <creator>
    <individualName>
<givenName>Mitsuhiko</givenName>          <surName>Imahara</surName>
    </individualName>
<organizationName>Kuroshio Biological Research Foundation</organizationName><positionName>Curator</positionName>    <address>
<country>JAPAN</country>    </address>
<electronicMailAddress>mail@kuroshio.or.jp</electronicMailAddress>    </creator>
    <metadataProvider>
    <individualName>
<givenName>Fumihito</givenName>          <surName>Iwase</surName>
    </individualName>
<organizationName>Kuroshio Biological Research Foundation</organizationName><positionName>Director</positionName>    <address>
<country>JAPAN</country>    </address>
<electronicMailAddress>mail@kuroshio.or.jp</electronicMailAddress>    </metadataProvider>
      <pubDate>
      2021-07-20
      </pubDate>
    <language>ENGLISH</language>
    <abstract>
        <para>Scleractinia specimens deposited at Kuroshio Biological Research Foundation</para>
    </abstract>
        <keywordSet>
              <keyword>Occurrence</keyword>
              <keywordThesaurus>GBIF Dataset Type Vocabulary: http://rs.gbif.org/vocabulary/gbif/dataset_type.xml</keywordThesaurus>
        </keywordSet>
        <keywordSet>
              <keyword>Occurrence</keyword>
              <keywordThesaurus>GBIF Dataset Type Vocabulary: http://rs.gbif.org/vocabulary/gbif/dataset_type_2015-07-10.xml</keywordThesaurus>
        </keywordSet>
      <intellectualRights>
        <para>This work is licensed under a <ulink url="http://creativecommons.org/licenses/by/4.0/legalcode"><citetitle>Creative Commons Attribution (CC-BY) 4.0 License</citetitle></ulink>.</para>
      </intellectualRights>
      <distribution scope="document">
          <online>
              <url function="information">http://www.kuroshio.or.jp/</url>
          </online>
      </distribution>
      <maintenance>
          <description>
              <para></para>
          </description>
          <maintenanceUpdateFrequency>unkown</maintenanceUpdateFrequency>
      </maintenance>
      <contact>
    <individualName>
<givenName>Fumihito</givenName>          <surName>Iwase</surName>
    </individualName>
<organizationName>Kuroshio Biological Research Foundation</organizationName><positionName>Director</positionName>    <address>
<country>JAPAN</country>    </address>
<electronicMailAddress>mail@kuroshio.or.jp</electronicMailAddress><onlineUrl>http://www.kuroshio.or.jp/</onlineUrl>      </contact>

</dataset>

<additionalMetadata>
    <metadata>
      <gbif>
        <dateStamp>2022-02-10T06:03:43Z</dateStamp>
      <citation>Imahara M, Iwase F (2021). Scleractinia specimens of Kuroshio Biological Research Foundation. National Museum of Nature and Science, Japan. Occurrence dataset https://doi.org/10.15468/3ap8jh accessed via GBIF.org on 2022-02-10.</citation>
      </gbif>
    </metadata>
</additionalMetadata>

</eml:eml>
