<?xml version="1.0" encoding="utf-8"?>
<eml:eml xmlns:eml="eml://ecoinformatics.org/eml-2.1.1" xmlns:xsi="http://www.w3.org/2001/XMLSchema-instance"
         xsi:schemaLocation="eml://ecoinformatics.org/eml-2.1.1 http://rs.gbif.org/schema/eml-gbif-profile/1.1/eml.xsd"
        packageId="7ec20c70-32e9-4548-86f8-3c915bffefdf"  system="http://gbif.org" scope="system"
  xml:lang="en">

<dataset>
      <alternateIdentifier>10.15468/f55mxn</alternateIdentifier>
        <alternateIdentifier>7ec20c70-32e9-4548-86f8-3c915bffefdf</alternateIdentifier>
        <alternateIdentifier>http://science-net.kahaku.go.jp/ipt2/resource?r=jobis-planktonbenthosresearch</alternateIdentifier>
    <title>Plankton&amp;BenthosResearch</title>
    <creator>
    <individualName>
<givenName>Dhugal</givenName>          <surName>Lindsay</surName>
    </individualName>
<organizationName>The Plankton Society of Japan, The Japanese Association of Benthology</organizationName><phone>+81-46-867-9563</phone><electronicMailAddress>dhugal@jamstec.go.jp</electronicMailAddress>    </creator>
    <creator>
    <individualName>
<givenName>Dhugal</givenName>          <surName>Lindsay</surName>
    </individualName>
<organizationName>The Plankton Society of Japan, The Japanese Association of Benthology</organizationName><phone>+81-46-867-9563</phone><electronicMailAddress>dhugal@jamstec.go.jp</electronicMailAddress>    </creator>
    <metadataProvider>
    <individualName>
<givenName>Dhugal</givenName>          <surName>Lindsay</surName>
    </individualName>
<organizationName>The Plankton Society of Japan, The Japanese Association of Benthology</organizationName><phone>+81-46-867-9563</phone><electronicMailAddress>dhugal@jamstec.go.jp</electronicMailAddress>    </metadataProvider>
      <pubDate>
      2021-04-30
      </pubDate>
    <language>ENGLISH</language>
    <abstract>
        <para>Data extracted from manuscripts published in &amp;#34;Plankton and Benthos Research&amp;#34;, a joint publication of The Plankton Society of Japan and The Japanese Association of Benthology. These manuscripts are available as Open Access pdfs at J-STAGE (https://www.jstage.jst.go.jp/browse/pbr)</para>
    </abstract>
        <keywordSet>
              <keyword>Occurrence</keyword>
              <keywordThesaurus>GBIF Dataset Type Vocabulary: http://rs.gbif.org/vocabulary/gbif/dataset_type.xml</keywordThesaurus>
        </keywordSet>
        <keywordSet>
              <keyword>Occurrence</keyword>
              <keywordThesaurus>GBIF Dataset Type Vocabulary: http://rs.gbif.org/vocabulary/gbif/dataset_type_2015-07-10.xml</keywordThesaurus>
        </keywordSet>
      <additionalInfo>
          <para>marine, harvested by iOBIS</para>
      </additionalInfo>
      <intellectualRights>
        <para>This work is licensed under a <ulink url="http://creativecommons.org/licenses/by/4.0/legalcode"><citetitle>Creative Commons Attribution (CC-BY) 4.0 License</citetitle></ulink>.</para>
      </intellectualRights>
      <maintenance>
          <description>
              <para></para>
          </description>
          <maintenanceUpdateFrequency>unkown</maintenanceUpdateFrequency>
      </maintenance>
      <contact>
    <individualName>
<givenName>Dhugal</givenName>          <surName>Lindsay</surName>
    </individualName>
<organizationName>The Plankton Society of Japan, The Japanese Association of Benthology</organizationName><phone>+81-46-867-9563</phone><electronicMailAddress>dhugal@jamstec.go.jp</electronicMailAddress>      </contact>

</dataset>

<additionalMetadata>
    <metadata>
      <gbif>
        <dateStamp>2022-02-10T06:03:42Z</dateStamp>
      <citation>Lindsay D (2021). Plankton&amp;BenthosResearch. Version 1.10. National Museum of Nature and Science, Japan. Occurrence dataset https://doi.org/10.15468/f55mxn accessed via GBIF.org on 2022-02-10.</citation>
      </gbif>
    </metadata>
</additionalMetadata>

</eml:eml>
