<?xml version="1.0" encoding="utf-8"?>
<eml:eml xmlns:eml="eml://ecoinformatics.org/eml-2.1.1" xmlns:xsi="http://www.w3.org/2001/XMLSchema-instance"
         xsi:schemaLocation="eml://ecoinformatics.org/eml-2.1.1 http://rs.gbif.org/schema/eml-gbif-profile/1.1/eml.xsd"
        packageId="b58d2f54-4d35-405b-8982-c3b77c64ddd2"  system="http://gbif.org" scope="system"
  xml:lang="en">

<dataset>
      <alternateIdentifier>10.15468/m8zqqy</alternateIdentifier>
        <alternateIdentifier>https://collections.ala.org.au/public/show/dr698</alternateIdentifier>
        <alternateIdentifier>41218895-5fe7-3ecc-90ed-1f79395c1f2c</alternateIdentifier>
        <alternateIdentifier>http://collections.ala.org.au/public/show/dr698</alternateIdentifier>
        <alternateIdentifier>b58d2f54-4d35-405b-8982-c3b77c64ddd2</alternateIdentifier>
        <alternateIdentifier>bd23e17f-4a3f-31fd-81e7-bd0591c17a13</alternateIdentifier>
        <alternateIdentifier>b9a86401-255b-3b91-aa49-05950e0f9d55</alternateIdentifier>
    <title>Re-examination of the reef corals of Cocos (Keeling) Atoll, Charlie Veron</title>
    <creator>
<organizationName>Coral Reef Research</organizationName>    </creator>
    <metadataProvider>
<organizationName>Coral Reef Research</organizationName>    </metadataProvider>
    <associatedParty>
<organizationName>Atlas of Living Australia</organizationName>    <address>
<deliveryPoint>CSIRO Ecosystems Services</deliveryPoint><city>Canberra</city><administrativeArea>ACT</administrativeArea><postalCode>2601</postalCode><country>AUSTRALIA</country>    </address>
<electronicMailAddress>info@ala.org.au</electronicMailAddress>    <role>DISTRIBUTOR</role>
    </associatedParty>
      <pubDate>
      2020-08-19
      </pubDate>
    <language>ENGLISH</language>
    <abstract>
        <para>Ninety nine species of reef corals are recorded from Cocos (Keeling) Atoll in the eastern Indian Ocean. Of this all but twelve are known from Western Australia. Nine species have not previously recorded from the eastern Indian Ocean and threee (one being taxonomically doubtful) have not previously been recoded anywhere.Principal factors affecting the diversity of species are summarised: the effects of Acanthaster outbreaks, short and long-term changes to water circulation in the atoll lagoon, cyclones, and effectiveness of self-seeding. Surface circulation patterns controlling the origins of coral propagules from major reef areas are summarised as far as present knowledge allows.  It is concluded that a minimum of 23 days would be neccessary for propagule transport from Indonesia in winter and twice that time in March, when the majority of reef corals spawn in Western Australia.</para>
    </abstract>
      <intellectualRights>
        <para>This work is licensed under a <ulink url="http://creativecommons.org/licenses/by-nc/4.0/legalcode"><citetitle>Creative Commons Attribution Non Commercial (CC-BY-NC) 4.0 License</citetitle></ulink>.</para>
      </intellectualRights>
      <distribution scope="document">
          <online>
              <url function="information">https://collections.ala.org.au/public/show/dr698</url>
          </online>
      </distribution>
      <contact>
    <individualName>
<givenName>John (Charlie)</givenName>          <surName>Veron</surName>
    </individualName>
<positionName>editor</positionName><electronicMailAddress>j.veron@coralreefresearch.com</electronicMailAddress>      </contact>
      <methods>
      </methods>

</dataset>

<additionalMetadata>
    <metadata>
      <gbif>
        <dateStamp>2022-02-10T06:03:42Z</dateStamp>
      <citation>Australian Institute of Marine Science (2020). Re-examination of the reef corals of Cocos (Keeling) Atoll, Charlie Veron. Occurrence dataset https://doi.org/10.15468/m8zqqy accessed via GBIF.org on 2022-02-10.</citation>
      </gbif>
    </metadata>
</additionalMetadata>

</eml:eml>
