<?xml version="1.0" encoding="utf-8"?>
<eml:eml xmlns:eml="eml://ecoinformatics.org/eml-2.1.1" xmlns:xsi="http://www.w3.org/2001/XMLSchema-instance"
         xsi:schemaLocation="eml://ecoinformatics.org/eml-2.1.1 http://rs.gbif.org/schema/eml-gbif-profile/1.1/eml.xsd"
        packageId="b5cdf587-3342-48ec-9130-ba1281d7166f"  system="http://gbif.org" scope="system"
  xml:lang="en">

<dataset>
      <alternateIdentifier>10.15468/7wd1vk</alternateIdentifier>
        <alternateIdentifier>http://collections.mnhn.fr/ipt/resource?r=mnhn-ik</alternateIdentifier>
        <alternateIdentifier>http://collections.mnhn.fr/ipt/resource.do?r=mnhn-ik</alternateIdentifier>
        <alternateIdentifier>b5cdf587-3342-48ec-9130-ba1281d7166f</alternateIdentifier>
        <alternateIdentifier>1fab244b-101a-404b-ac1f-1e25e8693969</alternateIdentifier>
    <title>The cnidarians collection (IK) of the Muséum national d&apos;Histoire naturelle (MNHN - Paris)</title>
    <creator>
    <individualName>
          <surName>MNHN</surName>
    </individualName>
<organizationName>MNHN</organizationName><positionName>Provider</positionName>    </creator>
    <metadataProvider>
    <individualName>
<givenName>Simon</givenName>          <surName>Chagnoux</surName>
    </individualName>
<electronicMailAddress>gbifprovider@mnhn.fr</electronicMailAddress>    </metadataProvider>
    <associatedParty>
    <individualName>
<givenName>Jerôme</givenName>          <surName>Mainguy</surName>
    </individualName>
    <role>CONTENT_PROVIDER</role>
    </associatedParty>
    <associatedParty>
    <individualName>
<givenName>Cyndie</givenName>          <surName>Dupoux</surName>
    </individualName>
    <role>CONTENT_PROVIDER</role>
    </associatedParty>
    <associatedParty>
    <individualName>
<givenName>Pierre</givenName>          <surName>Lozouet</surName>
    </individualName>
    <role>CONTENT_PROVIDER</role>
    </associatedParty>
    <associatedParty>
    <individualName>
<givenName>Sébastien</givenName>          <surName>Soubzmaigne</surName>
    </individualName>
    <role>CONTENT_PROVIDER</role>
    </associatedParty>
    <associatedParty>
    <individualName>
<givenName>Cyril</givenName>          <surName>Chambard</surName>
    </individualName>
    <role>CONTENT_PROVIDER</role>
    </associatedParty>
      <pubDate>
      2022-02-03
      </pubDate>
    <language>FRENCH</language>
    <abstract>
        <para>The collection of cnidarians, comprising about 80 000 lots, combines old specimens from all oceans. These specimens are preserved in either alcohol, dry, as slides, or in a separate herbaria for some hydroids and sea fans. 
The oldest specimens (1706-1707) of Hydroids and Octocorallia of the collection are preserved in herbaria made by Sébastien Vaillant. The story is revealed on the label and recalls the big names such as Peron and Lesueur; Savigny; Jean-Baptiste Lamarck; Quoy and Gaimard; Valenciennes; and H. Milne-Edwards and Haime. Generations of scientists have enriched the collection, thanks to naturalist expeditions like that of Egypt (1800-1804), Baudin on the western coast of Australia, the Astrolabe (1837-1840), and the two French Antarctic expeditions in early twentieth century. For forty years, various campaigns in the Atlantic (Thalassa, Biogas ...), the sub-Antarctic (on the Marion Dufresne), the Indo-Pacific (program MUSORSTOM / Deep-Sea Benthos), and the great expeditions (Santo, Vanuatu 2006, Guadeloupe 2012) made for the &amp;#34;Planet revisited&amp;#34; program, enriched the collection. Scientists donate collections made throughout their careers, as is the case of the collections of G. Faure, J. Laborel, M. Pichon, B. Salvat, H. Zibrowius ... Specimens sampled by J. Goy in the Mediterranean, Brazil, and Australia expanded the collection of Jellyfish.</para>
    </abstract>
        <keywordSet>
              <keyword>Occurrence</keyword>
              <keywordThesaurus>GBIF Dataset Type Vocabulary: http://rs.gbif.org/vocabulary/gbif/dataset_type.xml</keywordThesaurus>
        </keywordSet>
        <keywordSet>
              <keyword>Types</keyword>
              <keyword>Marine</keyword>
              <keyword>Taxonomy</keyword>
              <keyword>Zoology</keyword>
              <keyword>Cnidaria</keyword>
              <keyword>Specimens</keyword>
              <keyword>Invertebrates</keyword>
              <keyword>Collections</keyword>
              <keywordThesaurus>No keyword thesaurus designated</keywordThesaurus>
        </keywordSet>
        <keywordSet>
              <keyword>Specimen</keyword>
              <keywordThesaurus>GBIF Dataset Subtype Vocabulary: http://rs.gbif.org/vocabulary/gbif/dataset_subtype.xml</keywordThesaurus>
        </keywordSet>
      <intellectualRights>
        <para>This work is licensed under a <ulink url="http://creativecommons.org/licenses/by/4.0/legalcode"><citetitle>Creative Commons Attribution (CC-BY) 4.0 License</citetitle></ulink>.</para>
      </intellectualRights>
      <maintenance>
          <description>
              <para></para>
          </description>
          <maintenanceUpdateFrequency>unkown</maintenanceUpdateFrequency>
      </maintenance>
      <contact>
    <individualName>
<givenName>Aude</givenName>          <surName>Andouche</surName>
    </individualName>
<organizationName>MNHN</organizationName><positionName>Correspondant</positionName>      </contact>

</dataset>

<additionalMetadata>
    <metadata>
      <gbif>
        <dateStamp>2022-02-10T06:03:42Z</dateStamp>
      <citation>MNHN, Chagnoux S (2022). The cnidarians collection (IK) of the Muséum national d&apos;Histoire naturelle (MNHN - Paris). Version 37.237. MNHN - Museum national d&apos;Histoire naturelle. Occurrence dataset https://doi.org/10.15468/7wd1vk accessed via GBIF.org on 2022-02-10.</citation>
      </gbif>
    </metadata>
</additionalMetadata>

</eml:eml>
