<?xml version="1.0" encoding="utf-8"?>
<eml:eml xmlns:eml="eml://ecoinformatics.org/eml-2.1.1" xmlns:xsi="http://www.w3.org/2001/XMLSchema-instance"
         xsi:schemaLocation="eml://ecoinformatics.org/eml-2.1.1 http://rs.gbif.org/schema/eml-gbif-profile/1.1/eml.xsd"
        packageId="c6ca96bc-7cf5-4fe7-ac44-d01e06394ef3"  system="http://gbif.org" scope="system"
  xml:lang="en">

<dataset>
      <alternateIdentifier>10.15468/5bsrkm</alternateIdentifier>
        <alternateIdentifier>https://collections.ala.org.au/public/show/dr836</alternateIdentifier>
        <alternateIdentifier>41eb6e59-4717-3c54-9f13-f7285a5865f1</alternateIdentifier>
        <alternateIdentifier>http://collections.ala.org.au/public/show/dr836</alternateIdentifier>
        <alternateIdentifier>c6ca96bc-7cf5-4fe7-ac44-d01e06394ef3</alternateIdentifier>
        <alternateIdentifier>88298815-0e80-3bc8-8d91-9a086010e4f3</alternateIdentifier>
        <alternateIdentifier>bbf6f8fc-918e-3e2a-8b47-984f37f6f514</alternateIdentifier>
    <title>Lizard Island Research Station</title>
    <creator>
<organizationName>Lizard Island Research Station</organizationName>    <address>
<deliveryPoint>1 William Street</deliveryPoint><city>Sydney</city><administrativeArea>New South Wales</administrativeArea><postalCode>2010</postalCode><country>AUSTRALIA</country>    </address>
<onlineUrl>http://lifg.australianmuseum.net.au/Hierarchy.html</onlineUrl>    </creator>
    <creator>
<organizationName>Australian Museum</organizationName>    <address>
<deliveryPoint>1 William Street</deliveryPoint><city>Sydney</city><administrativeArea>New South Wales</administrativeArea><postalCode>2010</postalCode><country>AUSTRALIA</country>    </address>
<phone>(612) 9320 6000</phone><onlineUrl>http://australian.museum/</onlineUrl>    </creator>
    <metadataProvider>
<organizationName>Lizard Island Research Station</organizationName>    <address>
<deliveryPoint>1 William Street</deliveryPoint><city>Sydney</city><administrativeArea>New South Wales</administrativeArea><postalCode>2010</postalCode><country>AUSTRALIA</country>    </address>
<onlineUrl>http://lifg.australianmuseum.net.au/Hierarchy.html</onlineUrl>    </metadataProvider>
    <associatedParty>
<organizationName>Atlas of Living Australia</organizationName>    <address>
<deliveryPoint>CSIRO Ecosystems Services</deliveryPoint><city>Canberra</city><administrativeArea>ACT</administrativeArea><postalCode>2601</postalCode><country>AUSTRALIA</country>    </address>
<electronicMailAddress>info@ala.org.au</electronicMailAddress>    <role>DISTRIBUTOR</role>
    </associatedParty>
      <pubDate>
      2021-06-18
      </pubDate>
    <language>ENGLISH</language>
    <abstract>
        <para>Records from the Australian Museum&amp;#39;s Lizard Island Research Station</para>
    </abstract>
      <intellectualRights>
        <para>This work is licensed under a <ulink url="http://creativecommons.org/licenses/by/4.0/legalcode"><citetitle>Creative Commons Attribution (CC-BY) 4.0 License</citetitle></ulink>.</para>
      </intellectualRights>
      <distribution scope="document">
          <online>
              <url function="information">https://collections.ala.org.au/public/show/dr836</url>
          </online>
      </distribution>
      <contact>
    <individualName>
<givenName>Geoff</givenName>          <surName>Shuetrim</surName>
    </individualName>
<positionName>editor</positionName><electronicMailAddress>geoff@galexy.net</electronicMailAddress>      </contact>
      <methods>
      </methods>

</dataset>

<additionalMetadata>
    <metadata>
      <gbif>
        <dateStamp>2022-02-10T06:03:43Z</dateStamp>
      <citation>Australian Museum (2021). Lizard Island Research Station. Occurrence dataset https://doi.org/10.15468/5bsrkm accessed via GBIF.org on 2022-02-10.</citation>
      </gbif>
    </metadata>
</additionalMetadata>

</eml:eml>
