<?xml version="1.0" encoding="utf-8"?>
<eml:eml xmlns:eml="eml://ecoinformatics.org/eml-2.1.1" xmlns:xsi="http://www.w3.org/2001/XMLSchema-instance"
         xsi:schemaLocation="eml://ecoinformatics.org/eml-2.1.1 http://rs.gbif.org/schema/eml-gbif-profile/1.1/eml.xsd"
        packageId="cd174407-5632-4090-ba61-9ff3fe41bc03"  system="http://gbif.org" scope="system"
  xml:lang="en">

<dataset>
      <alternateIdentifier>10.15468/s2jikh</alternateIdentifier>
        <alternateIdentifier>https://collections.ala.org.au/public/show/dr647</alternateIdentifier>
        <alternateIdentifier>ac2ce4a0-388b-32e6-90e5-bbeecb84f355</alternateIdentifier>
        <alternateIdentifier>http://collections.ala.org.au/public/show/dr647</alternateIdentifier>
        <alternateIdentifier>cd174407-5632-4090-ba61-9ff3fe41bc03</alternateIdentifier>
        <alternateIdentifier>015ba0b1-7fb1-30c7-a9ea-52d9a033650e</alternateIdentifier>
        <alternateIdentifier>afa3757f-e583-354d-8ae9-a006512a09d8</alternateIdentifier>
        <alternateIdentifier>14312</alternateIdentifier>
    <title>Australian Coral Ecoregions</title>
    <creator>
<organizationName>Coral Reef Research</organizationName>    </creator>
    <creator>
<organizationName>Australian Institute of Marine Science</organizationName>    <address>
<city>Townsville</city><administrativeArea>QLD</administrativeArea><postalCode>4810</postalCode><country>AUSTRALIA</country>    </address>
<phone>(07) 4753 4444</phone><electronicMailAddress>adc@aims.gov.au</electronicMailAddress><onlineUrl>http://www.aims.gov.au/</onlineUrl>    </creator>
    <metadataProvider>
<organizationName>Coral Reef Research</organizationName>    </metadataProvider>
    <associatedParty>
<organizationName>Atlas of Living Australia</organizationName>    <address>
<deliveryPoint>CSIRO Ecosystems Services</deliveryPoint><city>Canberra</city><administrativeArea>ACT</administrativeArea><postalCode>2601</postalCode><country>AUSTRALIA</country>    </address>
<electronicMailAddress>info@ala.org.au</electronicMailAddress>    <role>DISTRIBUTOR</role>
    </associatedParty>
      <pubDate>
      2019-09-26
      </pubDate>
    <language>ENGLISH</language>
    <abstract>
        <para>Checklist of coral species by ecoregion</para>
    </abstract>
      <intellectualRights>
        <para>This work is licensed under a <ulink url="http://creativecommons.org/licenses/by-nc/4.0/legalcode"><citetitle>Creative Commons Attribution Non Commercial (CC-BY-NC) 4.0 License</citetitle></ulink>.</para>
      </intellectualRights>
      <distribution scope="document">
          <online>
              <url function="information">https://collections.ala.org.au/public/show/dr647</url>
          </online>
      </distribution>
      <contact>
<positionName>editor</positionName><electronicMailAddress>adc@aims.gov.au</electronicMailAddress>      </contact>
      <methods>
      </methods>

</dataset>

<additionalMetadata>
    <metadata>
      <gbif>
        <dateStamp>2022-02-10T06:03:43Z</dateStamp>
      <citation>Australian Institute of Marine Science (2019). Australian Coral Ecoregions. Occurrence dataset https://doi.org/10.15468/s2jikh accessed via GBIF.org on 2022-02-10.</citation>
      </gbif>
    </metadata>
</additionalMetadata>

</eml:eml>
