<?xml version="1.0" encoding="utf-8"?>
<eml:eml xmlns:eml="eml://ecoinformatics.org/eml-2.1.1" xmlns:xsi="http://www.w3.org/2001/XMLSchema-instance"
         xsi:schemaLocation="eml://ecoinformatics.org/eml-2.1.1 http://rs.gbif.org/schema/eml-gbif-profile/1.1/eml.xsd"
        packageId="d073b090-c76b-4d0b-81db-874298cd7181"  system="http://gbif.org" scope="system"
  xml:lang="en">

<dataset>
      <alternateIdentifier>10.15468/1nwdvk</alternateIdentifier>
        <alternateIdentifier>https://collections.ala.org.au/public/show/dr684</alternateIdentifier>
        <alternateIdentifier>1612acde-9c9e-32d2-bdc8-d09d47ea3ec5</alternateIdentifier>
        <alternateIdentifier>http://collections.ala.org.au/public/show/dr684</alternateIdentifier>
        <alternateIdentifier>d073b090-c76b-4d0b-81db-874298cd7181</alternateIdentifier>
        <alternateIdentifier>34d0c444-c91d-3c41-b476-a3d257e531e1</alternateIdentifier>
        <alternateIdentifier>23f2bf11-a449-341f-98d9-0187219cf261</alternateIdentifier>
        <alternateIdentifier>14108</alternateIdentifier>
    <title>Scleractinia of Eastern Australia - AIMS Monograph Series - John (Charlie) Veron</title>
    <creator>
<organizationName>Coral Reef Research</organizationName>    </creator>
    <creator>
<organizationName>Australian Institute of Marine Science</organizationName>    <address>
<city>Townsville</city><administrativeArea>QLD</administrativeArea><postalCode>4810</postalCode><country>AUSTRALIA</country>    </address>
<phone>(07) 4753 4444</phone><electronicMailAddress>adc@aims.gov.au</electronicMailAddress><onlineUrl>http://www.aims.gov.au/</onlineUrl>    </creator>
    <metadataProvider>
<organizationName>Coral Reef Research</organizationName>    </metadataProvider>
    <associatedParty>
<organizationName>Atlas of Living Australia</organizationName>    <address>
<deliveryPoint>CSIRO Ecosystems Services</deliveryPoint><city>Canberra</city><administrativeArea>ACT</administrativeArea><postalCode>2601</postalCode><country>AUSTRALIA</country>    </address>
<electronicMailAddress>info@ala.org.au</electronicMailAddress>    <role>DISTRIBUTOR</role>
    </associatedParty>
      <pubDate>
      2020-08-19
      </pubDate>
    <language>ENGLISH</language>
    <abstract>
        <para>The dataset was digitised from 5 volumes of the monograph series &amp;#34;Scleractinia of Eastern Australia&amp;#34;. The dataset contains 329 species, from 267 collecting stations all located within Australian waters. The dataset was digitised by Evanthia Karpouzli of the ALA and using the ALA Spatial Portal and the ALA Gazetteer Service. All the locations were verified by John (Charlie) Veron.</para>
    </abstract>
      <intellectualRights>
        <para>This work is licensed under a <ulink url="http://creativecommons.org/licenses/by-nc/4.0/legalcode"><citetitle>Creative Commons Attribution Non Commercial (CC-BY-NC) 4.0 License</citetitle></ulink>.</para>
      </intellectualRights>
      <distribution scope="document">
          <online>
              <url function="information">https://collections.ala.org.au/public/show/dr684</url>
          </online>
      </distribution>
      <contact>
<positionName>editor</positionName><electronicMailAddress>adc@aims.gov.au</electronicMailAddress>      </contact>
      <methods>
      </methods>

</dataset>

<additionalMetadata>
    <metadata>
      <gbif>
        <dateStamp>2022-02-10T06:03:43Z</dateStamp>
      <citation>Australian Institute of Marine Science (2020). Scleractinia of Eastern Australia - AIMS Monograph Series - John (Charlie) Veron. Occurrence dataset https://doi.org/10.15468/1nwdvk accessed via GBIF.org on 2022-02-10.</citation>
      </gbif>
    </metadata>
</additionalMetadata>

</eml:eml>
