<?xml version="1.0" encoding="utf-8"?>
<eml:eml xmlns:eml="eml://ecoinformatics.org/eml-2.1.1" xmlns:xsi="http://www.w3.org/2001/XMLSchema-instance"
         xsi:schemaLocation="eml://ecoinformatics.org/eml-2.1.1 http://rs.gbif.org/schema/eml-gbif-profile/1.1/eml.xsd"
        packageId="d170f08a-3fe7-478a-9a0a-a68544f15f2f"  system="http://gbif.org" scope="system"
  xml:lang="en">

<dataset>
      <alternateIdentifier>10.15468/lrxdte</alternateIdentifier>
        <alternateIdentifier>https://collections.ala.org.au/public/show/dr708</alternateIdentifier>
        <alternateIdentifier>f8600155-a06a-3ec7-935c-7b4d1f8f0acc</alternateIdentifier>
        <alternateIdentifier>http://collections.ala.org.au/public/show/dr708</alternateIdentifier>
        <alternateIdentifier>d170f08a-3fe7-478a-9a0a-a68544f15f2f</alternateIdentifier>
        <alternateIdentifier>c440a360-8cf8-34ad-9c71-3edbe9891757</alternateIdentifier>
        <alternateIdentifier>2553e1f6-c660-3109-96f9-9790164aa314</alternateIdentifier>
    <title>Hermatypic Corals of Western Australia</title>
    <creator>
<organizationName>Coral Reef Research</organizationName>    </creator>
    <metadataProvider>
<organizationName>Coral Reef Research</organizationName>    </metadataProvider>
    <associatedParty>
<organizationName>Atlas of Living Australia</organizationName>    <address>
<deliveryPoint>CSIRO Ecosystems Services</deliveryPoint><city>Canberra</city><administrativeArea>ACT</administrativeArea><postalCode>2601</postalCode><country>AUSTRALIA</country>    </address>
<electronicMailAddress>info@ala.org.au</electronicMailAddress>    <role>DISTRIBUTOR</role>
    </associatedParty>
      <pubDate>
      2020-08-19
      </pubDate>
    <language>ENGLISH</language>
      <intellectualRights>
        <para>This work is licensed under a <ulink url="http://creativecommons.org/licenses/by-nc/4.0/legalcode"><citetitle>Creative Commons Attribution Non Commercial (CC-BY-NC) 4.0 License</citetitle></ulink>.</para>
      </intellectualRights>
      <distribution scope="document">
          <online>
              <url function="information">https://collections.ala.org.au/public/show/dr708</url>
          </online>
      </distribution>
      <contact>
    <individualName>
<givenName>John (Charlie)</givenName>          <surName>Veron</surName>
    </individualName>
<positionName>editor</positionName><electronicMailAddress>j.veron@coralreefresearch.com</electronicMailAddress>      </contact>
      <methods>
      </methods>

</dataset>

<additionalMetadata>
    <metadata>
      <gbif>
        <dateStamp>2022-02-10T06:03:43Z</dateStamp>
      <citation>Australian Institute of Marine Science (2020). Hermatypic Corals of Western Australia. Occurrence dataset https://doi.org/10.15468/lrxdte accessed via GBIF.org on 2022-02-10.</citation>
      </gbif>
    </metadata>
</additionalMetadata>

</eml:eml>
