<?xml version="1.0" encoding="utf-8"?>
<eml:eml xmlns:eml="eml://ecoinformatics.org/eml-2.1.1" xmlns:xsi="http://www.w3.org/2001/XMLSchema-instance"
         xsi:schemaLocation="eml://ecoinformatics.org/eml-2.1.1 http://rs.gbif.org/schema/eml-gbif-profile/1.1/eml.xsd"
        packageId="e5d47a25-9e51-40db-9b5c-3f766be5c7b5"  system="http://gbif.org" scope="system"
  xml:lang="fr">

<dataset>
      <alternateIdentifier>10.15468/wafmud</alternateIdentifier>
        <alternateIdentifier>http://ipt-inpn.gbif.fr/resource?r=IPT-4A9DDA1F-B723-3E13-E053-2614A8C02B7C</alternateIdentifier>
        <alternateIdentifier>http://ipt.gbif.fr/resource?r=lagplon_nc</alternateIdentifier>
        <alternateIdentifier>e5d47a25-9e51-40db-9b5c-3f766be5c7b5</alternateIdentifier>
        <alternateIdentifier>http://www.gbif.fr/ipt/resource?r=lagplon_nc</alternateIdentifier>
    <title>Collection des données de biodiversité marine de Nouvelle-Calédonie</title>
    <creator>
    <individualName>
<givenName>n/a</givenName>          <surName>PAYRI Claude</surName>
    </individualName>
<organizationName>INSTITUT DE RECHERCHE POUR LE DEVELOPPEMENT</organizationName><positionName>n/a</positionName>    <address>
<country>FRANCE</country>    </address>
<electronicMailAddress>claude.payri@ird.fr</electronicMailAddress>    </creator>
    <creator>
    <individualName>
<givenName>n/a</givenName>          <surName>FIAT Sylvie</surName>
    </individualName>
<organizationName>INSTITUT DE RECHERCHE POUR LE DEVELOPPEMENT</organizationName><positionName>n/a</positionName>    <address>
<country>FRANCE</country>    </address>
<electronicMailAddress>sylvie.fiat@ird.fr</electronicMailAddress>    </creator>
    <creator>
    <individualName>
<givenName>n/a</givenName>          <surName>Petek Sylvain</surName>
    </individualName>
<organizationName>IRD</organizationName><positionName>n/a</positionName>    <address>
<country>FRANCE</country>    </address>
<electronicMailAddress>sylvain.petek@ird.fr</electronicMailAddress>    </creator>
    <creator>
    <individualName>
<givenName>n/a</givenName>          <surName>Payri Claude</surName>
    </individualName>
<organizationName>IRD</organizationName><positionName>n/a</positionName>    <address>
<country>FRANCE</country>    </address>
<electronicMailAddress>claude.payri@ird.fr</electronicMailAddress>    </creator>
    <creator>
    <individualName>
<givenName>n/a</givenName>          <surName>Menou Jean-Louis</surName>
    </individualName>
<organizationName>IRD</organizationName><positionName>n/a</positionName>    <address>
<country>FRANCE</country>    </address>
    </creator>
    <creator>
    <individualName>
<givenName>n/a</givenName>          <surName>Héros Virginie</surName>
    </individualName>
<organizationName>MNHN</organizationName><positionName>n/a</positionName>    <address>
<country>FRANCE</country>    </address>
    </creator>
    <creator>
    <individualName>
<givenName>n/a</givenName>          <surName>Pichon Michel</surName>
    </individualName>
<organizationName>Indépendant</organizationName><positionName>n/a</positionName>    <address>
<country>FRANCE</country>    </address>
<electronicMailAddress>michel.pichon@bigpond.com</electronicMailAddress>    </creator>
    <creator>
    <individualName>
<givenName>n/a</givenName>          <surName>N&apos;Yeurt Antoine</surName>
    </individualName>
<organizationName>USP</organizationName><positionName>n/a</positionName>    <address>
<country>FRANCE</country>    </address>
    </creator>
    <creator>
    <individualName>
<givenName>n/a</givenName>          <surName>Poupin Joseph</surName>
    </individualName>
<organizationName>Ecole Navale</organizationName><positionName>n/a</positionName>    <address>
<country>FRANCE</country>    </address>
    </creator>
    <creator>
    <individualName>
<givenName>n/a</givenName>          <surName>Debitus Cécile</surName>
    </individualName>
<organizationName>IRD</organizationName><positionName>n/a</positionName>    <address>
<country>FRANCE</country>    </address>
<electronicMailAddress>cecile.debitus@ird.fr</electronicMailAddress>    </creator>
    <creator>
    <individualName>
<givenName>n/a</givenName>          <surName>Benzoni Francesca</surName>
    </individualName>
<organizationName>University of Biccoca</organizationName><positionName>n/a</positionName>    <address>
<country>FRANCE</country>    </address>
<electronicMailAddress>francesca.benzoni@unimib.it</electronicMailAddress>    </creator>
    <metadataProvider>
    <individualName>
          <surName>Inventaire National du Patrimoine Naturel</surName>
    </individualName>
<organizationName>Unité mixte de service 2006 Patrimoine Naturel</organizationName><positionName>n/a</positionName>    <address>
<country>FRANCE</country>    </address>
    </metadataProvider>
    <associatedParty>
    <individualName>
          <surName>GBIF France</surName>
    </individualName>
<organizationName>GBIF France</organizationName><positionName>IT support</positionName>    <address>
<deliveryPoint>GBIF France - MNHN Géologie CP48, 43 rue Buffon</deliveryPoint><city>Paris</city><administrativeArea>Île-de-France</administrativeArea><postalCode>75005</postalCode><country>FRANCE</country>    </address>
<phone>+33140798065</phone><electronicMailAddress>connexion@gbif.fr</electronicMailAddress>    <role>DISTRIBUTOR</role>
    </associatedParty>
      <pubDate>
      2020-07-27
      </pubDate>
    <language>FRENCH</language>
    <abstract>
        <para>La base de données LAGPLON, créée par le Service Hyperbare pour recueillir leurs observations sous-marines, abrite un ensemble de données issues des inventaires de l’IRD Nouméa de la flore et de la faune benthique des eaux côtières de l’Indo-Pacifique. Ce jeu de données contient toutes les données de LAGPLON concernant la Nouvelle-Calédonie. L&amp;#39;intégration de ces données dans l&amp;#39;INPN s&amp;#39;est faite dans le cadre du programme IFRECOR.</para>
    </abstract>
        <keywordSet>
              <keyword>Occurrence</keyword>
              <keywordThesaurus>GBIF Dataset Type Vocabulary: http://rs.gbif.org/vocabulary/gbif/dataset_type.xml</keywordThesaurus>
        </keywordSet>
      <intellectualRights>
        <para>This work is licensed under a <ulink url="http://creativecommons.org/licenses/by-nc/4.0/legalcode"><citetitle>Creative Commons Attribution Non Commercial (CC-BY-NC) 4.0 License</citetitle></ulink>.</para>
      </intellectualRights>
      <coverage>
            <geographicCoverage>
                  <geographicDescription>See map.</geographicDescription>
                  <boundingCoordinates>
                      <westBoundingCoordinate>158.128</westBoundingCoordinate>
                      <eastBoundingCoordinate>172.193</eastBoundingCoordinate>
                      <northBoundingCoordinate>-17.805</northBoundingCoordinate>
                      <southBoundingCoordinate>-23.047</southBoundingCoordinate>
                  </boundingCoordinates>
            </geographicCoverage>
      </coverage>
      <maintenance>
          <description>
              <para></para>
          </description>
          <maintenanceUpdateFrequency>unkown</maintenanceUpdateFrequency>
      </maintenance>
      <contact>
    <individualName>
<givenName>n/a</givenName>          <surName>DE MAZIERES Jeanne</surName>
    </individualName>
<organizationName>MUSEUM NATIONAL D HISTOIRE NATURELLE</organizationName><positionName>n/a</positionName>    <address>
<country>FRANCE</country>    </address>
<electronicMailAddress>jdemazieres@mnhn.fr</electronicMailAddress>      </contact>

</dataset>

<additionalMetadata>
    <metadata>
      <gbif>
        <dateStamp>2022-02-10T06:03:43Z</dateStamp>
      <citation>PAYRI Claude N, FIAT Sylvie N, Petek Sylvain N, Menou Jean-Louis N, Héros Virginie N, Pichon Michel N, N&apos;Yeurt Antoine N, Poupin Joseph N, Debitus Cécile N, Benzoni Francesca N, Inventaire National du Patrimoine Naturel (2020). Collection des données de biodiversité marine de Nouvelle-Calédonie. Version 1.2. UMS PatriNat (OFB-CNRS-MNHN), Paris. Occurrence dataset https://doi.org/10.15468/wafmud accessed via GBIF.org on 2022-02-10.</citation>
      </gbif>
    </metadata>
</additionalMetadata>

</eml:eml>
