<?xml version="1.0" encoding="utf-8"?>
<eml:eml xmlns:eml="eml://ecoinformatics.org/eml-2.1.1" xmlns:xsi="http://www.w3.org/2001/XMLSchema-instance"
         xsi:schemaLocation="eml://ecoinformatics.org/eml-2.1.1 http://rs.gbif.org/schema/eml-gbif-profile/1.1/eml.xsd"
        packageId="fbe1f070-b6e4-11dd-81f6-b8a03c50a862"  system="http://gbif.org" scope="system"
  xml:lang="en">

<dataset>
      <alternateIdentifier>10.15468/0fscv9</alternateIdentifier>
        <alternateIdentifier>7957</alternateIdentifier>
    <title>Naturalis National Natural History Museum (NL) – Invertebrate specimens from marine expeditions</title>
    <associatedParty>
    <individualName>
          <surName>Dr. B. W. Hoeksema</surName>
    </individualName>
<positionName>data administrator</positionName><electronicMailAddress>hoeksema@naturalis.nl</electronicMailAddress>    </associatedParty>
    <associatedParty>
    <individualName>
          <surName>C. Pepermans</surName>
    </individualName>
<positionName>data administrator</positionName><electronicMailAddress>pepermans@naturalis.nl</electronicMailAddress>    </associatedParty>
    <associatedParty>
    <individualName>
          <surName>Jacob Leloux</surName>
    </individualName>
<positionName>system administrator</positionName><electronicMailAddress>leloux@naturalis.nl</electronicMailAddress>    </associatedParty>
    <language>en</language>
    <abstract>
        <para>RMNH_INVERTEBRATE_MARINE_EXPEDITIONS_SPECIMENS is an extract of several databases which were the result of  NWO Groot &amp;#34;Building de database of Life&amp;#34; in 2005 and 2006 in which the handwritten registers were digitised</para>
    </abstract>
      <intellectualRights>
        <para>This work is licensed under a <ulink url="http://creativecommons.org/licenses/by/4.0/legalcode"><citetitle>Creative Commons Attribution (CC-BY) 4.0 License</citetitle></ulink>.</para>
      </intellectualRights>
      <distribution scope="document">
          <online>
              <url function="information">http://db01.nlbif.sara.nl/tapir/tapir.php/naturalis_marine_invertebrate</url>
          </online>
      </distribution>

</dataset>

<additionalMetadata>
    <metadata>
      <gbif>
        <dateStamp>2022-02-10T06:03:43Z</dateStamp>
      <citation>Naturalis Biodiversity Center. Naturalis National Natural History Museum (NL) – Invertebrate specimens from marine expeditions. Occurrence dataset https://doi.org/10.15468/0fscv9 accessed via GBIF.org on 2022-02-10.</citation>
      </gbif>
    </metadata>
</additionalMetadata>

</eml:eml>
